Title,Url Id,Full Url,Categories,Tags,Image,Publish On
WARWICKSHIRE Woodland PHOTOGRAPHY WALKS - Monthly - 2hrs,woodland-photography-walk-warwickshire,https://www.alanranger.com/photo-workshops-uk/woodland-photography-walk-warwickshire,All Photography Workshops;- half-day photo workshops;Woodlands,,https://images.squarespace-cdn.com/content/v1/5013f4b2c4aaa4752ac69b17/1707217364251-99ITJH38DI58S3G3YA47/Woodland+Photography+Walk.jpg,10/06/2015
"The Secret of WOODLAND PHOTOGRAPHY- 1-Day Jan, Apr, Aug, Oct",secrets-of-woodland-photography-workshop,https://www.alanranger.com/photo-workshops-uk/secrets-of-woodland-photography-workshop,All Photography Workshops;- one day photo workshops;Macro & Abstract;Woodlands,warwickshire,https://images.squarespace-cdn.com/content/v1/5013f4b2c4aaa4752ac69b17/52f3e506-547d-4b13-bcff-d770db619091/Batsford+%2314+-+Oct+2021.jpg,22/06/2023
MACRO Photography Workshops Warwickshire - Feb and Mar,abstract-and-macro-photography-workshops,https://www.alanranger.com/photo-workshops-uk/abstract-and-macro-photography-workshops,All Photography Workshops;- half-day photo workshops;Macro & Abstract,warwickshire,https://images.squarespace-cdn.com/content/v1/5013f4b2c4aaa4752ac69b17/25c550a3-a242-4303-a11b-367dd7055dbe/Abstract%2Band%2BMacro%2BPhotography%2BWorkshops%2B%25282%2529.jpg,12/11/2019
LAKE DISTRICT Photography Workshops - Jan - Mar - Sep - Nov,lake-district-photography-workshop,https://www.alanranger.com/photo-workshops-uk/lake-district-photography-workshop,All Photography Workshops;- weekend residential photo workshops;Landscape,cumbria,https://images.squarespace-cdn.com/content/v1/5013f4b2c4aaa4752ac69b17/1714301696717-TME057MTL131H9UHU82H/Bassenthwaite+Rise.jpg,09/06/2019
SUFFOLK Landscape Photography Workshops - 21st - 23rd Nov,suffolk-landscape-photography-workshops,https://www.alanranger.com/photo-workshops-uk/suffolk-landscape-photography-workshops,coastal;- weekend residential photo workshops,suffolk;winter;long exposure;coastline;feb,https://images.squarespace-cdn.com/content/v1/5013f4b2c4aaa4752ac69b17/1714650055069-5DPM44ERXSX234XAGLA9/Southwold+%2304+-+February+2024.jpg,13/11/2019
"PEAK DISTRICT Photography Workshops - May, Oct and Nov",landscape-peak-district-photography-workshops-derbyshire,https://www.alanranger.com/photo-workshops-uk/landscape-peak-district-photography-workshops-derbyshire,All Photography Workshops;- one day photo workshops;Landscape;Woodlands,derbyshire;peak-district,https://images.squarespace-cdn.com/content/v1/5013f4b2c4aaa4752ac69b17/1709626967694-M4DJSC9GYR1R1LZFYBUF/Padley+Gorge+%2304+-+Mar+2024.jpg,28/06/2019
Landscape Photography DEVON Workshops - Various Dates,landscape-photography-devon-hartland-quay,https://www.alanranger.com/photo-workshops-uk/landscape-photography-devon-hartland-quay,coastal;All Photography Workshops;- weekend residential photo workshops,devon;weekend,https://images.squarespace-cdn.com/content/v1/5013f4b2c4aaa4752ac69b17/1714299365471-K36RWNIKFNGJ4C70UEXB/Atlantic+Force.jpg,10/04/2019
NORTHUMBERLAND Photography Workshops - Feb 26 - Mar 1,coastal-northumberland-photography-workshops,https://www.alanranger.com/photo-workshops-uk/coastal-northumberland-photography-workshops,coastal;All Photography Workshops;- weekend residential photo workshops,sunrise;sunset;seascapes;northumbria;weekend,https://images.squarespace-cdn.com/content/v1/5013f4b2c4aaa4752ac69b17/1714235981485-EF5PRA0X9C6ZNGQUO265/dunstanburgh+boulders.jpg,04/08/2019
URBAN ARCHITECTURE Photography Workshops - Coventry 16 Apr,urban-architecture-photography-workshops-coventry,https://www.alanranger.com/photo-workshops-uk/urban-architecture-photography-workshops-coventry,All Photography Workshops;- half-day photo workshops;Urban,coventry;long exposure;architecture;urban,https://images.squarespace-cdn.com/content/v1/5013f4b2c4aaa4752ac69b17/1658913526124-UHAZAOPDEELSFKC627FT/Coventry+1.jpg,21/01/2020
FAIRY GLEN and Fairy Falls Long Exposure Photography,long-exposure-photography-workshop-fairy-glen,https://www.alanranger.com/photo-workshops-uk/long-exposure-photography-workshop-fairy-glen,All Photography Workshops;- half-day photo workshops;Landscape,wales,https://images.squarespace-cdn.com/content/v1/5013f4b2c4aaa4752ac69b17/1707214813724-6QPD5O2XJNRQNOEIRBXO/Fairy+Glen+Betws-y-Coed+Photography+Workshop.jpg,30/04/2019
ANGLESEY Landscape Photography Workshop -  May 2026,landscape-photography-workshops-anglesey,https://www.alanranger.com/photo-workshops-uk/landscape-photography-workshops-anglesey,coastal;Landscape;- weekend residential photo workshops,,https://images.squarespace-cdn.com/content/v1/5013f4b2c4aaa4752ac69b17/1707225841274-TEMCPAEP5DHDVCBJP2RD/anglesey+photography+workshop.jpg,22/07/2019
EXMOOR Photography Workshop - Sat 23rd - Sun 24th May 2026,exmoor-photography-workshops-lynmouth,https://www.alanranger.com/photo-workshops-uk/exmoor-photography-workshops-lynmouth,coastal;All Photography Workshops;- weekend residential photo workshops,devon,https://images.squarespace-cdn.com/content/v1/5013f4b2c4aaa4752ac69b17/1714638630127-79B9OMJPFF60L8Q9VLJL/Timeless+Memories.jpg,23/04/2023
Long Exposure Photography Workshop KENILWORTH Sunset,long-exposure-photography-kenilworth,https://www.alanranger.com/photo-workshops-uk/long-exposure-photography-kenilworth,All Photography Workshops;- half-day photo workshops;Landscape,coventry;kenilworth,https://images.squarespace-cdn.com/content/v1/5013f4b2c4aaa4752ac69b17/1712472502735-OHOKCDKMCP1BAMQ0JQUA/kenilworth+defenses.jpg,21/01/2020
DORSET Landscape Photography Workshop Purbeck 16 - 18 Jan,dorset-landscape-photography-workshop,https://www.alanranger.com/photo-workshops-uk/dorset-landscape-photography-workshop,coastal;All Photography Workshops;- weekend residential photo workshops,dorset;weekend,https://images.squarespace-cdn.com/content/v1/5013f4b2c4aaa4752ac69b17/1714681245814-0QW8DK4XQ18FM0JLBXYN/Harry+Rocks+%2301+-+Mar+2024.jpg,27/11/2019
Photography Workshops CHESTERTON WINDMILL - Warwickshire,photography-workshops-chesterton-windmill,https://www.alanranger.com/photo-workshops-uk/photography-workshops-chesterton-windmill,All Photography Workshops;- half-day photo workshops;Landscape,warwickshire,https://images.squarespace-cdn.com/content/v1/5013f4b2c4aaa4752ac69b17/1714682519866-NVMB6B7Q4F93DGOGPQIK/Moonlit+Chesterton.jpg,10/04/2019
BLUEBELL WOODLANDS Photography - Warks - 20 Apr- 01 May,bluebell-woodlands-photography-workshops,https://www.alanranger.com/photo-workshops-uk/bluebell-woodlands-photography-workshops,'- half-day photo work...;- one day photo workshops;Landscape;Woodlands;Flowering,warwickshire;bluebells,https://images.squarespace-cdn.com/content/v1/5013f4b2c4aaa4752ac69b17/1707309659883-DPISYTNT0T584VPXCK39/bluebell+photography+workshops.jpg,02/01/2019
WALES Photography Workshop | Lake Vyrnwy 29 - 30 Nov,wales-photography-workshop-pistyll-rhaeadr,https://www.alanranger.com/photo-workshops-uk/wales-photography-workshop-pistyll-rhaeadr,All Photography Workshops;- weekend residential photo workshops;Landscape,wales;weekend,https://images.squarespace-cdn.com/content/v1/5013f4b2c4aaa4752ac69b17/1714636535694-5SWM865PVWA9MMT8LCQB/Dawn+at+Lake+Vyrnwy_.jpg,25/11/2019
DARTMOOR Photography Workshop - Landscapes - 9th - 11th Oct,dartmoor-photography-landscape-workshop,https://www.alanranger.com/photo-workshops-uk/dartmoor-photography-landscape-workshop,All Photography Workshops;- weekend residential photo workshops;Landscape,snowdonia;weekend,https://images.squarespace-cdn.com/content/v1/5013f4b2c4aaa4752ac69b17/1707237329064-99H533NMXCONH5J276LM/dartmoor+photography+workshop.jpg,02/10/2023
NANT MILL Woodlands and Waterfalls Photo Workshop 30 May,landscape-photography-workshops-nant-mill,https://www.alanranger.com/photo-workshops-uk/landscape-photography-workshops-nant-mill,All Photography Workshops;- half-day photo workshops;Landscape;Woodlands,wales,https://images.squarespace-cdn.com/content/v1/5013f4b2c4aaa4752ac69b17/83fecb77-55e2-4a1b-b532-efa4213e832a/limbs.jpg,29/08/2019
The Art of GARDEN PHOTOGRAPHY  - Coventry -  May and July,garden-photography-workshop,https://www.alanranger.com/photo-workshops-uk/garden-photography-workshop,All Photography Workshops;- half-day photo workshops;Flowering;Macro & Abstract,warwickshire;garden,https://images.squarespace-cdn.com/content/v1/5013f4b2c4aaa4752ac69b17/1709974516534-UJBRDOK5RXR4QNLPTECD/_-677.jpg,29/08/2021
SEZINCOTE Garden Photography Workshop - Gloucs 29 May,sezincote-garden-photography-workshop,https://www.alanranger.com/photo-workshops-uk/sezincote-garden-photography-workshop,All Photography Workshops;- half-day photo workshops;Flowering;Macro & Abstract,warwickshire,https://images.squarespace-cdn.com/content/v1/5013f4b2c4aaa4752ac69b17/1715077805264-XJYPE427XFHYBMW7L4TL/_.jpg,24/04/2023
Landscape Photography SNOWDONIA - Sat 7th - Sun 8th Mar 2026,landscape-photography-snowdonia-workshops,https://www.alanranger.com/photo-workshops-uk/landscape-photography-snowdonia-workshops,Landscape,snowdonia;weekend,https://images.squarespace-cdn.com/content/v1/5013f4b2c4aaa4752ac69b17/1711625824431-22D7V1RNKR8H2LBRW4Z9/Snowdonia+%2301+-+Oct+2023.jpg,27/11/2019
NORTH YORKSHIRE Landscape Photography Workshop - Mar 2026,north-yorkshire-landscape-photography,https://www.alanranger.com/photo-workshops-uk/north-yorkshire-landscape-photography,coastal;All Photography Workshops;- weekend residential photo workshops,yorkshire,https://images.squarespace-cdn.com/content/v1/5013f4b2c4aaa4752ac69b17/1707212716744-VYD7AYV9U6N6VEZ3C4D1/North+Yorkshire+Photography+Workshop.jpg,22/11/2019
GOWER Landscape Photography Wales - 30 Jan - 1 Feb 2026,landscape-photography-wales-photo-workshop,https://www.alanranger.com/photo-workshops-uk/landscape-photography-wales-photo-workshop,coastal;All Photography Workshops;- weekend residential photo workshops,winter;long exposure;coastline;wales,https://images.squarespace-cdn.com/content/v1/5013f4b2c4aaa4752ac69b17/1715702409761-590M3MJ45KYXBDH1KSM0/Gower+%2305+-+May+2024.jpg,17/11/2021
BURNHAM ON SEA Long Exposure Photography Workshop 2 May,long-exposure-photography-workshops-burnham,https://www.alanranger.com/photo-workshops-uk/long-exposure-photography-workshops-burnham,coastal;All Photography Workshops;- half-day photo workshops,sunrise;sunset;somerset;weekend,https://images.squarespace-cdn.com/content/v1/5013f4b2c4aaa4752ac69b17/1714573609279-RSKP2ELI51B1VY87SOCS/Burnham+Still.jpg,02/06/2019
LAVENDER FIELD Photography Workshop - Gloucestershire July,photography-workshops-lavender-fields,https://www.alanranger.com/photo-workshops-uk/photography-workshops-lavender-fields,All Photography Workshops;- half-day photo workshops;Flowering;Landscape,sunrise;sunset;somerset,https://images.squarespace-cdn.com/content/v1/5013f4b2c4aaa4752ac69b17/1714571149035-8ZN5I6UWJRIY2TG52JNT/Lavender+Photography+Workshop.jpg,15/07/2023
PEAK DISTRICT HEATHER Photography Workshops - 15-16 Aug,peak-district-heather-photography-workshop,https://www.alanranger.com/photo-workshops-uk/peak-district-heather-photography-workshop,All Photography Workshops;- half-day photo workshops;Landscape;Flowering,derbyshire;peak-district,https://images.squarespace-cdn.com/content/v1/5013f4b2c4aaa4752ac69b17/1707246605883-FVZKLJN54Z455J1Q13CV/peak+district+heather.jpg,23/04/2023
Landscape Photography Workshop NORFOLK - Coastal 13 - 15 Feb,landscape-photography-workshop-norfolk,https://www.alanranger.com/photo-workshops-uk/landscape-photography-workshop-norfolk,coastal;All Photography Workshops;- weekend residential photo workshops,norfolk;weekend,https://images.squarespace-cdn.com/content/v1/5013f4b2c4aaa4752ac69b17/1711625462292-PCMT7Q118L1X51MPSENJ/Wells+Next+To+Sea+%2302+-+Sep+2022.jpg,29/08/2019
Landscape YORKSHIRE DALES Photography Workshop - 10 - 12 Apr,yorkshire-dales-photography-workshops,https://www.alanranger.com/photo-workshops-uk/yorkshire-dales-photography-workshops,All Photography Workshops;- weekend residential photo workshops;Landscape,yorkshire-dales,https://images.squarespace-cdn.com/content/v1/5013f4b2c4aaa4752ac69b17/1714659095505-TB874TXCA6ADNDFC82FX/Muker+%2302+-+July+2021.jpg,13/11/2019
BATSFORD Arboretum Autumn Photography Workshops 23 - 31 Oct,batsford-arboretum-photography-workshops,https://www.alanranger.com/photo-workshops-uk/batsford-arboretum-photography-workshops,All Photography Workshops;- half-day photo workshops;- one day photo workshops;Landscape;Woodlands;autumn,batsford;autumn,https://images.squarespace-cdn.com/content/v1/5013f4b2c4aaa4752ac69b17/1715273775646-0SR9854TQZC0LVO5HPGL/Batsford%2BAutumn%2B7.jpg,19/09/2018
KERRY - Southern Ireland Photography Workshop - Mar 2026,ireland-photography-workshops-dingle,https://www.alanranger.com/photo-workshops-uk/ireland-photography-workshops-dingle,coastal;All Photography Workshops;- weekend residential photo workshops,dingle;ireland;kerry;killarney,https://images.squarespace-cdn.com/content/v1/5013f4b2c4aaa4752ac69b17/1710060195646-WLFJL2H358FJD4GKV1CP/Coumeenoole+Strand+2.jpg,17/09/2019
