url,target_keyword,source,notes
https://www.alanranger.com/beginners-photography-lessons,Beginners Photography Lessons,seospace_screenshot,batch1
https://www.alanranger.com/blog-on-photography,Blog On Photography,seospace_screenshot,batch1
https://www.alanranger.com/blog-on-photography/ten-tips-towards-better-composition,Better Composition,seospace_screenshot,batch1
https://www.alanranger.com/blog-on-photography/take-the-on-line-colour-test,colour test,seospace_screenshot,batch1
https://www.alanranger.com/blog-on-photography/using-a-nd-filter,ND Filter,seospace_screenshot,batch1
https://www.alanranger.com/blog-on-photography/why-snowdonia-landscape-photography-workshops,Snowdonia landscape photography,seospace_screenshot,batch1
https://www.alanranger.com/photographic-workshops-near-me/batsford-arboretum-autumn-photography-31oct,Batsford Arboretum,seospace_screenshot,batch1
https://www.alanranger.com/blog-on-photography/10-basic-camera-settings-for-camera,Basic Camera Settings,seospace_screenshot,batch1
https://www.alanranger.com/photographic-workshops-near-me/woodland-photography-walk-solihull-hay-woods,Woodland Photography Walk,seospace_screenshot,batch1
https://www.alanranger.com/blog-on-photography/camera-sensor-cleaning-guide,Sensor Cleaning,seospace_screenshot,batch1
https://www.alanranger.com/photographic-workshops-near-me/bluebell-photography-photo-workshop-warwickshire-20,Bluebell Photography,seospace_screenshot,batch1
https://www.alanranger.com/blog-on-photography/top-tips-for-photographing-bluebells,photographing bluebells,seospace_screenshot,batch1
https://www.alanranger.com/photographic-workshops-near-me/peak-district-photography-workshops-winter,Peak District Photography,seospace_screenshot,batch1
https://www.alanranger.com/blog-on-photography/how-to-improve-your-photography-composition,Photography Composition,seospace_screenshot,batch1
https://www.alanranger.com/photography-services-near-me,photography services,seospace_screenshot,batch1
https://www.alanranger.com/photography-services-near-me/black-and-white-photography-course,Black and White Photography Course,seospace_screenshot,batch1
https://www.alanranger.com/photo-workshops-uk/garden-photography-workshop,Garden Photography,seospace_screenshot,batch1
https://www.alanranger.com/blog-on-photography/jpg-vs-raw-settings,JPG vs Raw Settings,seospace_screenshot,batch1
https://www.alanranger.com/photography-services-near-me/fine-art-photography-prints-unframed,Photography Prints,seospace_screenshot,batch1
https://www.alanranger.com/blog-on-photography/dice-roll-serendipity-awareness-photography-assignment,Dice Roll Serendipity Awareness,seospace_screenshot,batch1
https://www.alanranger.com/beginners-photography-lessons/lightroom-photo-editing-classes-wk2,Photo Editing Classes,seospace_screenshot,batch1
https://www.alanranger.com/blog-on-photography/histogram-and-exposure-review,Histogram and Exposure,seospace_screenshot,batch1
https://www.alanranger.com/blog-on-photography/iphone-camera-vs-the-digital-camera,Phone Camera,seospace_screenshot,batch1
https://www.alanranger.com/photography-lessons-online-121,photography lessons online,seospace_screenshot,batch1
https://www.alanranger.com/blog-on-photography/peter-orton-rps-distinctions,RPS Distinctions,seospace_screenshot,batch2
https://www.alanranger.com/blog-on-photography/case-study-anne-watkinson-rps-distinctions,rps distinctions,seospace_screenshot,batch2
https://www.alanranger.com/photographic-workshops-near-me/long-exposure-photography-burnham-on-sea,Long Exposure Photography,seospace_screenshot,batch2
https://www.alanranger.com/blog-on-photography/what-is-minimalist-photography,MINIMALIST PHOTOGRAPHY,seospace_screenshot,batch2
https://www.alanranger.com/blog-on-photography/what-is-dynamic-range-in-photography,Dynamic Range In Photography,seospace_screenshot,batch2
https://www.alanranger.com/blog-on-photography/wildlife-photography-practice-assignment-free-lesson,Wildlife Photography,seospace_screenshot,batch2
https://www.alanranger.com/blog-on-photography/what-is-exposure-in-photography,What is exposure in photography,seospace_screenshot,batch2
https://www.alanranger.com/fine-art-prints,fine art prints,seospace_screenshot,batch2
https://www.alanranger.com/free-photography-tips,photography tips,seospace_screenshot,batch2
https://www.alanranger.com/photography-tuition-services,Photography Tuition,seospace_screenshot,batch2
https://www.alanranger.com/photography-services-near-me/rps-mentoring-photography-course,RPS Mentoring,seospace_screenshot,batch2
https://www.alanranger.com/photography-services-near-me/beginners-portrait-photography-course,Portrait Photography Course,seospace_screenshot,batch2
https://www.alanranger.com/photography-workshops,photography workshops,seospace_screenshot,batch2
https://www.alanranger.com/photography-presents-for-photographers,photography present,seospace_screenshot,batch2
https://www.alanranger.com/photographic-workshops-near-me,Photographic Workshops,seospace_screenshot,batch2
https://www.alanranger.com/professional-commercial-photographer-coventry,Commercial Photographer,seospace_screenshot,batch2
https://www.alanranger.com/photo-workshops-uk/peak-district-heather-photography-workshop,peak district heather,seospace_screenshot,batch2
https://www.alanranger.com/photography-services-near-me/photography-35bundle-photography-field-checklists,Photography Field Checklists,seospace_screenshot,batch2
https://www.alanranger.com/blog-on-photography/which-lens-should-i-buy-next,which lens should I buy,seospace_screenshot,batch2
https://www.alanranger.com/photographic-workshops-near-me/woodland-photography-walk-coventry-piles-coppice,Woodland Photography Walk,seospace_screenshot,batch2
https://www.alanranger.com/blog-on-photography/the-history-of-photography,history of photography,seospace_screenshot,batch2
https://www.alanranger.com/photographic-workshops-near-me/bluebell-photography-photo-workshop-warwickshire-25,Bluebell Photography,seospace_screenshot,batch2
https://www.alanranger.com/photographic-workshops-near-me/woodland-photography-walk-hay-woods,Woodland Photography Walk,seospace_screenshot,batch2
https://www.alanranger.com/beginners-photography-lessons/lightroom-photo-editing-classes-wk1-xx94r,Photo Editing Classes,seospace_screenshot,batch2
https://www.alanranger.com/photography-special-offers,Photography Special Offers,seospace_screenshot,batch2
https://www.alanranger.com/photographic-workshops-near-me/garden-photography-workshop-mxyms,Garden Photography,seospace_screenshot,batch3
https://www.alanranger.com/photo-workshops-uk/secrets-of-woodland-photography-workshop,Woodland Photography,seospace_screenshot,batch3
https://www.alanranger.com/which-photography-style-is-right-for-you,Which photography style is right for you,seospace_screenshot,batch3
https://www.alanranger.com/blog-on-photography/white-balance-and-colour-photography,White Balance and Colour,seospace_screenshot,batch3
https://www.alanranger.com/blog-on-photography/what-are-leading-lines-in-photography,What Are leading lines in Photography,seospace_screenshot,batch3
https://www.alanranger.com/photography-shop-services,Photography Shop,seospace_screenshot,batch3
https://www.alanranger.com/photo-workshops-uk/poppy-fields-photography-workshops,Poppy fields photography,seospace_screenshot,batch3
https://www.alanranger.com/photographic-workshops-near-me/woodland-photography-walk-coventry-tile-hill,Woodland Photograph,seospace_screenshot,batch3
https://www.alanranger.com/photography-workshops-near-me,photography workshops near me,seospace_screenshot,batch3
https://www.alanranger.com/website-terms-and-conditions,Website Terms and Conditions,seospace_screenshot,batch3
https://www.alanranger.com/photography-courses-coventry,Photography Courses Coventry,seospace_screenshot,batch3
https://www.alanranger.com/photographic-workshops-near-me/long-exposure-photography-workshop-kenilworth4,Long Exposure Photography Workshop,seospace_screenshot,batch3
https://www.alanranger.com/photography-services-near-me/quarterly-pick-n-mix-subscription,Pick N Mix,seospace_screenshot,batch3
https://www.alanranger.com/photographic-workshops-near-me/lake-district-photography-workshop-spring,Lake District Photography,seospace_screenshot,batch3
https://www.alanranger.com/photography-mentoring-online-assignments,photography mentoring online,seospace_screenshot,batch3
https://www.alanranger.com/photo-workshops-uk/photography-workshops-chesterton-windmill,chesterton windmill,seospace_screenshot,batch3
https://www.alanranger.com/photo-workshops-uk/north-yorkshire-landscape-photography,yorkshire landscape photography,seospace_screenshot,batch3
https://www.alanranger.com/photography-services-near-me/monthly-pick-n-mix-subscription,Pick N Mix,seospace_screenshot,batch3
https://www.alanranger.com/photography-services-near-me/composition-settings-photography-field-checklists,Photography Field Checklists,seospace_screenshot,batch3
https://www.alanranger.com/photographic-workshops-near-me/bluebell-photography-photo-workshop-warwickshire-21,Bluebell Photography,seospace_screenshot,batch3
https://www.alanranger.com/photographic-workshops-near-me/peak-district-photography-workshops-spring,Peak District Photography,seospace_screenshot,batch3
https://www.alanranger.com/photographic-workshops-near-me/woodland-photography-walk-leamington-oakley-wood,Woodland Photography Walk,seospace_screenshot,batch3
https://www.alanranger.com/photo-workshops-uk/long-exposure-photography-workshop-fairy-glen,long exposure photography,seospace_screenshot,batch3
https://www.alanranger.com/photographic-workshops-near-me/poppy-fields-photography-workshop-sunrise,Poppy Fields Photography,seospace_screenshot,batch3
https://www.alanranger.com/schedule-an-appointment,schedule an appointment,seospace_screenshot,batch3
https://www.alanranger.com/photo-workshops-uk/ireland-photography-workshops-dingle,Ireland Photography Workshop,seospace_screenshot,batch4
https://www.alanranger.com/photographic-workshops-near-me/woodland-photography-walk-kenilworth-crackley-woods,Woodland Photography Walk,seospace_screenshot,batch4
https://www.alanranger.com/photo-workshops-uk/photography-workshops-lavender-fields,Lavender Field,seospace_screenshot,batch4
https://www.alanranger.com/photographic-workshops-near-me/anglesey-photography-workshop-wales,Anglesey Photography Workshop,seospace_screenshot,batch4
https://www.alanranger.com/terms-and-conditions,terms and conditions,seospace_screenshot,batch4
https://www.alanranger.com/photographic-workshops-near-me/long-exposure-photography-workshop-kenilworth2,Long Exposure Photography Workshop,seospace_screenshot,batch4
https://www.alanranger.com/photographic-workshops-near-me/peak-district-photography-workshops-autumn,Peak District Photography,seospace_screenshot,batch4
https://www.alanranger.com/testimonials-customer-reviews,customer reviews,seospace_screenshot,batch4
https://www.alanranger.com/professional-photographer-near-me,professional photographer near me,seospace_screenshot,batch4
https://www.alanranger.com/photographic-workshops-near-me/norfolk-photography-workshop,Norfolk Photography Workshop,seospace_screenshot,batch4
https://www.alanranger.com/photographic-workshops-near-me/woodland-photography-walk-meriden-millisons-wood,Woodland Photography Walk,seospace_screenshot,batch4
https://www.alanranger.com/photo-workshops-uk/suffolk-landscape-photography-workshops,Suffolk Landscape Photography,seospace_screenshot,batch4
https://www.alanranger.com/photographic-workshops-near-me/batsford-arboretum-autumn-photography-30oct,Batsford Arboretum,seospace_screenshot,batch4
https://www.alanranger.com/photographic-workshops-near-me/urban-architecture-photography-workshop-coventry,Urban Architecture Photography,seospace_screenshot,batch4
https://www.alanranger.com/photography-services-near-me/photo-print-preparation-service-30min,Photo Print Preparation Service,seospace_screenshot,batch4
https://www.alanranger.com/photography-services-near-me/four-private-photography-classes,Private Photography Classes,seospace_screenshot,batch4
https://www.alanranger.com/photographic-workshops-near-me/bluebell-photography-photo-workshop-warwickshire-22,Bluebell Photography,seospace_screenshot,batch4
https://www.alanranger.com/photography-services-near-me/intermediates-intentions-photography-project-course,Photography Project,seospace_screenshot,batch4
https://www.alanranger.com/photo-workshops-uk/sezincote-garden-photography-workshop,Garden Photography,seospace_screenshot,batch4
https://www.alanranger.com/blog-on-photography/photography-basics-how-to-improve-photography,Photography Basics,seospace_screenshot,batch4
https://www.alanranger.com/photographic-workshops-near-me/landscape-photography-snowdonia-workshop,Landscape Photography Snowdonia,seospace_screenshot,batch4
https://www.alanranger.com/photographic-workshops-near-me/landscape-photography-workshops-yorkshire,Landscape Photography Workshop,seospace_screenshot,batch4
https://www.alanranger.com/photography-services-near-me/photography-gift-vouchers,Photography Gift Vouchers,seospace_screenshot,batch4
https://www.alanranger.com/photo-workshops-uk/urban-architecture-photography-workshops-coventry,Architecture Photography workshop,seospace_screenshot,batch4
https://www.alanranger.com/photographic-workshops-near-me/landscape-photography-wales-gower-peninsular,Landscape Photography Wales,seospace_screenshot,batch5
https://www.alanranger.com/help-portrait-uk-coventry,help portrait,seospace_screenshot,batch5
https://www.alanranger.com/photography-services-near-me/camera-sensor-clean,Camera Sensor Clean,seospace_screenshot,batch5
https://www.alanranger.com/photographic-workshops-near-me/woodland-photography-walk-coventry-cv4,Woodland Photography Walk,seospace_screenshot,batch5
https://www.alanranger.com/photography-services-near-me/annual-pick-n-mix-subscription,Pick N Mix,seospace_screenshot,batch5
https://www.alanranger.com/blog-on-photography/what-is-focus-in-photography,focus in Photography,seospace_screenshot,batch5
https://www.alanranger.com/photography-services-near-me/framed-fine-art-photography-prints,Fine Art Photography Prints,seospace_screenshot,batch5
https://www.alanranger.com/private-photography-lessons,private photography lessons,seospace_screenshot,batch5
https://www.alanranger.com/photographic-workshops-near-me/northumberland-landscape-photography-workshop,Northumberland Landscape Photography,seospace_screenshot,batch5
https://www.alanranger.com/photographic-workshops-near-me/poppy-fields-photography-workshop-sunset,Poppy Fields Photography,seospace_screenshot,batch5
https://www.alanranger.com/photography-news-blog,photography news,seospace_screenshot,batch5
https://www.alanranger.com/photographic-workshops-near-me/peak-district-photography-workshops-heathers-sunrise,Peak District Photography,seospace_screenshot,batch5
https://www.alanranger.com/photography-services-near-me/camera-settings-photography-field-checklists,Photography Field Checklists,seospace_screenshot,batch5
https://www.alanranger.com/photo-workshops-uk/landscape-photography-wales-photo-workshop,Landscape photography Wales,seospace_screenshot,batch5
https://www.alanranger.com/photographic-workshops-near-me/somerset-photography-workshop,Somerset Photography,seospace_screenshot,batch5
https://www.alanranger.com/blog-on-photography/whats-new-in-lightroom-classic-13,What's New In Lightroom,seospace_screenshot,batch5
https://www.alanranger.com/photography-services-near-me/beginners-photography-course,Beginners Photography Course,seospace_screenshot,batch5
https://www.alanranger.com/photography-services-near-me/lightroom-courses-for-beginners-coventry,Lightroom Courses,seospace_screenshot,batch5
https://www.alanranger.com/photography-services-near-me/foundation-digital-pack-plus,Foundation Digital Pack,seospace_screenshot,batch5
https://www.alanranger.com/photo-workshops-uk/bluebell-woodlands-photography-workshops,Bluebell woodlands,seospace_screenshot,batch5
https://www.alanranger.com/photography-payment-plan,photography payment plan,seospace_screenshot,batch5
https://www.alanranger.com/photographic-workshops-near-me/landscape-photography-workshops-yorkshire-coast,Landscape Photography Workshop,seospace_screenshot,batch5
https://www.alanranger.com/website-cookie-policy,cookie policy,seospace_screenshot,batch5
https://www.alanranger.com/blog-on-photography/iso-and-noise-control-practice-assignment,ISO and Noise,seospace_screenshot,batch5
https://www.alanranger.com/photography-services-near-me/monthly-online-photography-mentoring,Photography Mentoring,seospace_screenshot,batch5
https://www.alanranger.com/copyright-policy-alan-ranger,copyright policy,seospace_screenshot,batch6
https://www.alanranger.com/photography-services-near-me/private-online-photography-classes-zoom,online photography classes,seospace_screenshot,batch6
https://www.alanranger.com/photographic-workshops-near-me/bluebell-photography-photo-workshop-warwickshire-24,Bluebell Photography,seospace_screenshot,batch6
https://www.alanranger.com/photographic-workshops-near-me/sunset-chesterton-windmill-spring,Chesterton Windmill,seospace_screenshot,batch6
https://www.alanranger.com/photographic-workshops-near-me/secrets-of-woodland-photography-masterclass-spring,Woodland Photography,seospace_screenshot,batch6
https://www.alanranger.com/photography-equipment-recommendations,photography equipment,seospace_screenshot,batch6
https://www.alanranger.com/photo-workshops-uk/yorkshire-dales-photography-workshops,Yorkshire Dales Photography,seospace_screenshot,batch6
https://www.alanranger.com/photographic-workshops-near-me/bluebell-photography-photo-workshop-warwickshire-29,Bluebell Photography,seospace_screenshot,batch6
https://www.alanranger.com/data-privacy-policy,privacy policy,seospace_screenshot,batch6
https://www.alanranger.com/photographic-workshops-near-me/long-exposure-photo-workshop-sunset-kenilworth,Long Exposure,seospace_screenshot,batch6
https://www.alanranger.com/photography-services-near-me/fine-art-photography-prints-canvas,Fine Art Photography Prints,seospace_screenshot,batch6
https://www.alanranger.com/photo-workshops-uk/woodland-photography-walk-warwickshire,Photography walk,seospace_screenshot,batch6
https://www.alanranger.com/photography-masterclasses-online,photography masterclasses,seospace_screenshot,batch6
https://www.alanranger.com/hire-a-professional-photographer-in-coventry,Photographer in Coventry,seospace_screenshot,batch6
https://www.alanranger.com/photographic-workshops-near-me/abstract-and-macro-photography-workshop-coventry,Abstract and Macro,seospace_screenshot,batch6
https://www.alanranger.com/photo-workshops-uk/long-exposure-photography-kenilworth,long exposure photography,seospace_screenshot,batch6
https://www.alanranger.com/photography-services-near-me/photography-foundation-course-ebook,Photography Foundation Course eBook,seospace_screenshot,batch6
https://www.alanranger.com/blog-on-photography/what-is-contrast-in-photography,contrast in photography,seospace_screenshot,batch6
https://www.alanranger.com/photographic-workshops-near-me/batsford-arboretum-autumn-photography-1nov,Batsford Arboretum,seospace_screenshot,batch6
https://www.alanranger.com/photographic-workshops-near-me/bluebell-photography-photo-workshop-warwickshire-23,Bluebell Photography,seospace_screenshot,batch6
https://www.alanranger.com/photographic-workshops-near-me/batsford-arboretum-autumn-photography-2nov,Batsford Arboretum,seospace_screenshot,batch6
https://www.alanranger.com/photographic-workshops-near-me/batsford-arboretum-autumn-photography-29oct,Batsford Arboretum,seospace_screenshot,batch6
https://www.alanranger.com/photo-workshops-uk/long-exposure-photography-workshops-burnham,long exposure photography,seospace_screenshot,batch6
https://www.alanranger.com/photographic-workshops-near-me/peak-district-photography-workshops-sunrise-heathers,Peak District Photography,seospace_screenshot,batch7
https://www.alanranger.com/photo-workshops-uk/christmas-photography-workshops,Christmas Photography,seospace_screenshot,batch7
https://www.alanranger.com/photographic-workshops-near-me/bluebell-photography-photo-workshop-warwickshire-19,Bluebell Photography,seospace_screenshot,batch7
https://www.alanranger.com/photographic-workshops-near-me/lake-district-photography-workshop-winter,Lake District Photography,seospace_screenshot,batch7
https://www.alanranger.com/photo-workshops-uk/landscape-photography-workshops-anglesey,landscape Photography Workshop,seospace_screenshot,batch7
https://www.alanranger.com/photographic-workshops-near-me/garden-photography-workshop,Garden Photography,seospace_screenshot,batch7
https://www.alanranger.com/blog-on-photography/virtual-bluebell-photoshoot,Bluebell Photoshoot,seospace_screenshot,batch7
https://www.alanranger.com/photographic-workshops-near-me/lavender-photography-workshop-sunset,Lavender Photography,seospace_screenshot,batch7
https://www.alanranger.com/photo-workshops-uk/landscape-photography-workshops-nant-mill,nant mill,seospace_screenshot,batch7
https://www.alanranger.com/course-finder-photography-classes-near-me,photography classes near me,seospace_screenshot,batch7
https://www.alanranger.com/photographic-workshops-near-me/secrets-of-woodland-photography-masterclass-autumn,Woodland Photography,seospace_screenshot,batch7
https://www.alanranger.com/contact-us-alan-ranger-photography,contact us,seospace_screenshot,batch7
https://www.alanranger.com/blog-on-photography/what-do-camera-lens-filters-do,What do camera Lens Filters Do,seospace_screenshot,batch7
https://www.alanranger.com/photographic-workshops-near-me/long-exposure-photography-workshop-kenilworth1,Long Exposure Photography,seospace_screenshot,batch7
https://www.alanranger.com/photographic-workshops-near-me/dartmoor-photography-workshop-woodlands,Dartmoor Photography Workshop,seospace_screenshot,batch7
https://www.alanranger.com/blog-on-photography/tripods-gitzo-vs-benro-review,Tripods,seospace_screenshot,batch7
https://www.alanranger.com/photographic-workshops-near-me/sunset-chesterton-windmill-photography-workshop,Chesterton Windmill,seospace_screenshot,batch7
https://www.alanranger.com/photographic-workshops-near-me/fairy-glen-photography-betws-y-coed,fairy glen,seospace_screenshot,batch7
https://www.alanranger.com/photographic-workshops-near-me/peak-district-photography-workshops-autumn-2,Peak District Photography,seospace_screenshot,batch7
https://www.alanranger.com/photo-editing-course-coventry,photo editing course,seospace_screenshot,batch7
https://www.alanranger.com/blog-on-photography/selecting-the-ideal-product-photographer,Product Photographer,seospace_screenshot,batch7
https://www.alanranger.com/photographic-workshops-near-me/nant-mill-woodlands,Nant Mill,seospace_screenshot,batch7
https://www.alanranger.com/photo-workshops-uk/wales-photography-workshop-pistyll-rhaeadr,Wales Photography workshop,seospace_screenshot,batch7
https://www.alanranger.com/blog-on-photography/professional-commercial-photography-in-coventry,Commercial Photography,seospace_screenshot,batch7
https://www.alanranger.com/photographic-workshops-near-me/bluebell-photography-photo-workshop-warwickshire-18,Bluebell Photography,seospace_screenshot,batch7
https://www.alanranger.com/photographic-workshops-near-me/wales-photography-workshop-vyrnwy-pistyll-rhaeadr,Wales Photography Workshop,seospace_screenshot,batch8
https://www.alanranger.com/photographic-workshops-near-me/yorkshire-dales-photography-workshop,Yorkshire Dales Photography,seospace_screenshot,batch8
https://www.alanranger.com/photographic-workshops-near-me/peak-district-photography-workshops-heathers-sunset,Peak District Photography,seospace_screenshot,batch8
https://www.alanranger.com/blog-on-photography/what-is-depth-of-field,DEPTH OF FIELD,seospace_screenshot,batch8
https://www.alanranger.com/blog-on-photography/what-is-negative-space-in-photography,negative Space,seospace_screenshot,batch8
https://www.alanranger.com/photographic-workshops-near-me/sunset-chesterton-windmill-spring-7gw7j,Chesterton Windmill,seospace_screenshot,batch8
https://www.alanranger.com/photographic-workshops-near-me/fairy-glen-photography-wales,fairy glen,seospace_screenshot,batch8
https://www.alanranger.com/photographic-workshops-near-me/secrets-of-woodland-photography-masterclass-winter,Woodland Photography,seospace_screenshot,batch8
https://www.alanranger.com/photo-workshops-uk/landscape-photography-devon-hartland-quay,landscape photography devon,seospace_screenshot,batch8
https://www.alanranger.com/photographic-workshops-near-me/secrets-of-woodland-photography-masterclass-summer,Woodland Photography,seospace_screenshot,batch8
https://www.alanranger.com/photo-workshops-uk/landscape-photography-workshop-norfolk,Photography Workshop Norfolk,seospace_screenshot,batch8
https://www.alanranger.com/photo-workshops-uk/coastal-northumberland-photography-workshops,Northumberland Photography,seospace_screenshot,batch8
https://www.alanranger.com/rps-courses-mentoring-distinctions,rps courses,seospace_screenshot,batch8
https://www.alanranger.com/photo-workshops-uk/landscape-photography-snowdonia-workshops,landscape photography snowdonia,seospace_screenshot,batch8
https://www.alanranger.com/photo-workshops-uk/dorset-landscape-photography-workshop,Dorset Landscape Photography,seospace_screenshot,batch8
https://www.alanranger.com/photographic-workshops-near-me/dingle-kerry-ireland-photography-workshop,Ireland Photography Workshop,seospace_screenshot,batch8
https://www.alanranger.com/photo-workshops-uk/landscape-peak-district-photography-workshops-derbyshire,Peak District Photography,seospace_screenshot,batch8
https://www.alanranger.com/blog-on-photography/ultimate-guide-to-summer-landscape-photography,Summer Landscape Photography,seospace_screenshot,batch8
https://www.alanranger.com/photographic-workshops-near-me/batsford-arboretum-autumn-photography-3nov,Batsford Arboretum,seospace_screenshot,batch8
https://www.alanranger.com/photo-workshops-uk,Photo Workshops,seospace_screenshot,batch8
https://www.alanranger.com/blog-on-photography/what-is-manual-exposure-in-photography,Manual Exposure,seospace_screenshot,batch8
https://www.alanranger.com/photographic-workshops-near-me/bluebell-photography-photo-workshop-warwickshire-17,Bluebell Photography,seospace_screenshot,batch8
https://www.alanranger.com/blog-on-photography/what-is-white-balance-in-photography,WHITE BALANCE in photography,seospace_screenshot,batch8
https://www.alanranger.com/blog-on-photography/what-is-shutter-speed,shutter Speed,seospace_screenshot,batch8
https://www.alanranger.com/photographic-workshops-near-me/lavender-photography-workshop-sunset-19,lavender photography,seospace_screenshot,batch8
https://www.alanranger.com/my-ethical-policy,ethical policy,seospace_screenshot,batch9
https://www.alanranger.com/photographic-workshops-near-me/dorset-photography-workshop,Dorset Photography,seospace_screenshot,batch9
https://www.alanranger.com/photographic-workshops-near-me/sunset-chesterton-windmill-spring-7gw7j-9akd5,Chesterton Windmill,seospace_screenshot,batch9
https://www.alanranger.com/photography-gift-vouchers,photography gift vouchers,seospace_screenshot,batch9
https://www.alanranger.com/corporate-photography-training,corporate photography training,seospace_screenshot,batch9
https://www.alanranger.com/photographic-workshops-near-me/bluebell-photography-photo-workshop-warwickshire-01,Bluebell Photography,seospace_screenshot,batch9
https://www.alanranger.com/newsletter-signup-form,Newsletter Signup,seospace_screenshot,batch9
https://www.alanranger.com/photographic-workshops-near-me/lake-district-photography-workshop-late-summer,Lake District Photography,seospace_screenshot,batch9
https://www.alanranger.com/intentions-course-six-month-photography-project,Photography Project,seospace_screenshot,batch9
https://www.alanranger.com/photographic-workshops-near-me/bluebell-photography-photo-workshop-warwickshire-30,Bluebell Photography,seospace_screenshot,batch9
https://www.alanranger.com/photo-workshops-uk/batsford-arboretum-photography-workshops,Batsford Arboretum,seospace_screenshot,batch9
https://www.alanranger.com/blog-on-photography/what-is-focal-length-in-photography,what is focal length,seospace_screenshot,batch9
https://www.alanranger.com/bluebell-woods-near-me,bluebell woods near me,seospace_screenshot,batch9
https://www.alanranger.com/blog-on-photography/top-6-tips-for-photographing-fireworks,Photographing Fireworks,seospace_screenshot,batch9
https://www.alanranger.com/blog-on-photography/winter-photography-magic,winter Photography,seospace_screenshot,batch9
https://www.alanranger.com/blog-on-photography/suffolk-punch-personal-perspective,suffolk punch,seospace_screenshot,batch9
https://www.alanranger.com/blog-on-photography/what-is-portrait-photography,What is Portrait photography,seospace_screenshot,batch9
https://www.alanranger.com/photographic-workshops-near-me/sezincote-garden-photography-workshop,garden photography,seospace_screenshot,batch9
https://www.alanranger.com/free-online-photography-course,Online Photography Course,seospace_screenshot,batch9
https://www.alanranger.com/photographic-workshops-near-me/exmoor-photography-workshops-seascapes-lynmouth,Exmoor Photography Workshop,seospace_screenshot,batch9
https://www.alanranger.com/blog-on-photography/used-cameras-and-lenses,Used Camera,seospace_screenshot,batch9
https://www.alanranger.com/blog-on-photography/secrets-of-lake-district-landscape-photography,Lake District Landscape Photography,seospace_screenshot,batch9
https://www.alanranger.com/help-site-map,help,seospace_screenshot,batch9
https://www.alanranger.com/photographic-workshops-near-me/lake-district-photography-workshop-autumn,Lake District Photography,seospace_screenshot,batch9
https://www.alanranger.com/photo-workshops-uk/exmoor-photography-workshops-lynmouth,Exmoor Photography,seospace_screenshot,batch9
https://www.alanranger.com/blog-on-photography/photography-styles-trends-and-tips,Photography Styles,seospace_screenshot,batch10
https://www.alanranger.com/blog-on-photography/prepare-for-photography-courses,Prepare for Photography Courses,seospace_screenshot,batch10
https://www.alanranger.com/blog-on-photography/what-are-camera-drive-modes,Camera Drive Modes,seospace_screenshot,batch10
https://www.alanranger.com/photographic-workshops-near-me/hartland-quay-photography-devon-seascapes,Hartland Quay,seospace_screenshot,batch10
https://www.alanranger.com/photographic-workshops-near-me/fairy-glen-betws-y-coed-photography,Fairy Glen,seospace_screenshot,batch10
https://www.alanranger.com/blog-on-photography/what-is-aperture-in-photography,What is APERTURE,seospace_screenshot,batch10
https://www.alanranger.com/photo-workshops-uk/lake-district-photography-workshop,Lake District Photography workshop,seospace_screenshot,batch10
https://www.alanranger.com/gallery-image-portfolios,gallery,seospace_screenshot,batch10
https://www.alanranger.com/blog-on-photography/photography-evening-classes-fun-informative,Photography Evening Classes,seospace_screenshot,batch10
https://www.alanranger.com/blog-on-photography/photography-concepts-for-beginners,Photography Concepts for Beginners,seospace_screenshot,batch10
https://www.alanranger.com/photographic-workshops-near-me/suffolk-landscape-photography-workshop,Suffolk Landscape Photography,seospace_screenshot,batch10
https://www.alanranger.com/blog-on-photography/shutter-speed-and-motion-photography-practice-assignment,Shutter Speed and Motion,seospace_screenshot,batch10
https://www.alanranger.com/photographic-workshops-near-me/hartland-quay-devon-seascapes-ynfcl,Hartland Quay,seospace_screenshot,batch10
https://www.alanranger.com/blog-on-photography/tripod-for-headshots-top-picks-amp-reviews-2026,Tripod for Headshots,seospace_screenshot,batch10
https://www.alanranger.com/blog-on-photography/secrets-to-woodland-photography-masterclass,woodland photography,seospace_screenshot,batch10
https://www.alanranger.com/photo-workshops-uk/dartmoor-photography-landscape-workshop,Dartmoor Photography,seospace_screenshot,batch10
https://www.alanranger.com/photo-workshops-uk/abstract-and-macro-photography-workshops,Macro Photography Workshop,seospace_screenshot,batch10
https://www.alanranger.com/blog-on-photography/top-10-composition-mistakes-beginners-make,Composition Mistakes,seospace_screenshot,batch10
https://www.alanranger.com/photo-workshops-uk/fireworks-photography-workshop-kenilworth,Fireworks Photography,seospace_screenshot,batch10
https://www.alanranger.com/blog-on-photography/photo-editing-software,Photo Editing Software,seospace_screenshot,batch10
https://www.alanranger.com/blog-on-photography/street-photography-tips,Street Photography,seospace_screenshot,batch10
https://www.alanranger.com/blog-on-photography/the-perfect-travel-tripod-benro-cyanbird,travel tripod,seospace_screenshot,batch10
https://www.alanranger.com/blog-on-photography/shooting-night-time-photography-tips,Night time photography,seospace_screenshot,batch10
https://www.alanranger.com/blog-on-photography/top-bluebell-woodland-tips,bluebell woodland,seospace_screenshot,batch10
https://www.alanranger.com/outdoor-photography-exposure-calculator,Exposure Calculator,seospace_screenshot,batch10
https://www.alanranger.com/blog-on-photography/shooting-in-low-light,Shooting In Low Light,seospace_screenshot,batch11
https://www.alanranger.com/blog-on-photography/photography-is-an-art-of-observation,art of observation,seospace_screenshot,batch11
https://www.alanranger.com/photographic-workshops-near-me/abstract-and-macro-photography-workshop,Abstract and Macro,seospace_screenshot,batch11
https://www.alanranger.com/blog-on-photography/rps-distinctions-group-cfp5t,RPS Distinctions,seospace_screenshot,batch11
https://www.alanranger.com/blog-on-photography/mastering-the-art-of-shadow-photography,Shadow Photography,seospace_screenshot,batch11
https://www.alanranger.com/jaguar-land-rover-els,jaguar land rover els,seospace_screenshot,batch11
https://www.alanranger.com/blog-on-photography/rubys-first-photo-project,Photo Project,seospace_screenshot,batch11
https://www.alanranger.com/blog-on-photography/ireland-photography-workshop-recce-report,Ireland Photography,seospace_screenshot,batch11
https://www.alanranger.com/blog-on-photography/partnership-with-one-vision-imaging,One Vision Imaging,seospace_screenshot,batch11
https://www.alanranger.com/blog-on-photography/how-to-find-your-photography-style,photography style,seospace_screenshot,batch11
https://www.alanranger.com/blog-on-photography/photography-composition-rules,Photography Composition Rules,seospace_screenshot,batch11
https://www.alanranger.com/blog-on-photography/recommended-travel-lightweight-tripods,Lightweight Tripods,seospace_screenshot,batch11
https://www.alanranger.com/blog-on-photography/shadows-and-contrast-photography-practice-assignment,Shadows and Contrast,seospace_screenshot,batch11
https://www.alanranger.com/blog-on-photography/storytelling-narrative-photography-assignment,Storytelling Narrative Photography,seospace_screenshot,batch11
https://www.alanranger.com/one-day-landscape-photography-workshops,landscape photography workshops,seospace_screenshot,batch11
https://www.alanranger.com/blog-on-photography/portrait-photography-practice-assignment,Portrait Photography,seospace_screenshot,batch11
https://www.alanranger.com/blog-on-photography/the-studies-to-become-a-professional-photographer,Studies Needed to Become a Professional,seospace_screenshot,batch11
https://www.alanranger.com/blog-on-photography/the-art-of-storytelling-photography,Storytelling photography,seospace_screenshot,batch11
https://www.alanranger.com/blog-on-photography/what-is-still-life-photography,STILL LIFE PHOTOGRAPHY,seospace_screenshot,batch11
https://www.alanranger.com/blog-on-photography/portrait-photography-guide,Portrait Photography Guide,seospace_screenshot,batch11
https://www.alanranger.com/blog-on-photography/still-life-photography-guide,Still Life Photography Guide,seospace_screenshot,batch11
https://www.alanranger.com/blog-on-photography/product-photography-setup,Product Photography,seospace_screenshot,batch11
https://www.alanranger.com/blog-on-photography/professional-commercial-photography-elevate-your-business,Commercial Photography,seospace_screenshot,batch11
https://www.alanranger.com/blog-on-photography/struggle-to-see-your-camera-screen,Camera Screen,seospace_screenshot,batch11
https://www.alanranger.com/blog-on-photography/what-is-metering-in-photography,What is Metering in photography,seospace_screenshot,batch11
https://www.alanranger.com/blog-on-photography/my-rps-distinctions-journey-mike-ford,RPS distinctions,seospace_screenshot,batch12
https://www.alanranger.com/blog-on-photography/movement-and-intentional-blur-photography-assignment,Movement and Intentional Blur,seospace_screenshot,batch12
https://www.alanranger.com/blog-on-photography/still-life-photography-practice-assignment,Still Life Photography,seospace_screenshot,batch12
https://www.alanranger.com/blog-on-photography/photography-compositional-balance,Photography Compositional Balance,seospace_screenshot,batch12
https://www.alanranger.com/blog-on-photography/street-photography-guide,Street Photography Guide,seospace_screenshot,batch12
https://www.alanranger.com/blog-on-photography/photography-english-talk-with-confidence,Photography English,seospace_screenshot,batch12
https://www.alanranger.com/landscape-photography-workshops,Landscape Photography Workshops,seospace_screenshot,batch12
https://www.alanranger.com/blog-on-photography/how-to-make-moving-photographs,Moving Photographs,seospace_screenshot,batch12
https://www.alanranger.com/blog-on-photography/photographers-rights-in-the-uk,Photographers Rights,seospace_screenshot,batch12
https://www.alanranger.com/blog-on-photography/photo-print-sizes-resize-photos,Photo Print Sizes,seospace_screenshot,batch12
https://www.alanranger.com/blog-on-photography/social-media-for-photographers-tips,social media for photographers,seospace_screenshot,batch12
https://www.alanranger.com/blog-on-photography/what-is-iso-in-photography,ISO in photography,seospace_screenshot,batch12
https://www.alanranger.com/blog-on-photography/photography-composition-negative-spacee,Photography Composition Negative Space,seospace_screenshot,batch12
https://www.alanranger.com/blog-on-photography/tripod-for-cameras-essential-guide,Tripod for Camera,seospace_screenshot,batch12
https://www.alanranger.com/blog-on-photography/photographers-composition-viewing-frame,Viewing Frame,seospace_screenshot,batch12
https://www.alanranger.com/blog-on-photography/the-camera-is-an-instrument-,camera is an instrument,seospace_screenshot,batch12
https://www.alanranger.com/blog-on-photography/technical-skills-photography-students-need,Photography Students,seospace_screenshot,batch12
https://www.alanranger.com/blog-on-photography/photography-tips-10-things-to-know,Photography Tips,seospace_screenshot,batch12
https://www.alanranger.com/blog-on-photography/how-to-become-a-better-photographer,HOW TO BECOME A BETTER PHOTOGRAPHER,seospace_screenshot,batch12
https://www.alanranger.com/blog-on-photography/manfrotto-befree-tripod-review,Manfrotto Befree Tripod,seospace_screenshot,batch12
https://www.alanranger.com/blog-on-photography/what-is-framing-in-photography,framing in photography,seospace_screenshot,batch12
https://www.alanranger.com/blog-on-photography/north-devon-photography-workshops-why-devon,Devon Photography Workshops,seospace_screenshot,batch12
https://www.alanranger.com/blog-on-photography/partner-to-jaguar-land-rover-training,Jaguar Land Rover Training,seospace_screenshot,batch12
https://www.alanranger.com/blog-on-photography/photographers-copyright-digital-images-photographs,Photographers Copyright,seospace_screenshot,batch12
https://www.alanranger.com/blog-on-photography/northumberland-landscape-photography-why-northumbria,Northumberland Landscape Photography,seospace_screenshot,batch12
https://www.alanranger.com/blog-on-photography/new-partnership-with-one-vision-imaging,One Vision Imaging,seospace_screenshot,batch13
https://www.alanranger.com/blog-on-photography/triptych-project-photography-assignment-free-lesson,Triptych Project,seospace_screenshot,batch13
https://www.alanranger.com/blog-on-photography/visual-weight-and-flow-practice-assignment,Visual Weight and Flow,seospace_screenshot,batch13
https://www.alanranger.com/blog-on-photography/street-photography-practice-assignment,Street Photography,seospace_screenshot,batch13
https://www.alanranger.com/blog-on-photography/mastering-the-art-of-seasonal-photography,Seasonal Photography,seospace_screenshot,batch13
https://www.alanranger.com/blog-on-photography/hartland-quay-devon-coastal-workshop,hartland quay,seospace_screenshot,batch13
https://www.alanranger.com/blog-on-photography/midlands-photography-workshops-with-alan-ranger,Midlands Photography,seospace_screenshot,batch13
https://www.alanranger.com/blog-on-photography/tripods-a-photographers-best-friend,Tripods,seospace_screenshot,batch13
https://www.alanranger.com/blog-on-photography/photography-contrast-composition,Photography Contrast Composition,seospace_screenshot,batch13
https://www.alanranger.com/blog-on-photography/landscape-fine-art-photography-prints,fine art photography prints,seospace_screenshot,batch13
https://www.alanranger.com/blog-on-photography/learn-how-to-use-lightroom,Lightroom,seospace_screenshot,batch13
https://www.alanranger.com/blog-on-photography/patterns-rhythm-and-repetition-photography-assignment,Patterns Rhythm and Repetition,seospace_screenshot,batch13
https://www.alanranger.com/blog-on-photography/seasons-nature-photography-assignment,Seasons Nature,seospace_screenshot,batch13
https://www.alanranger.com/blog-on-photography/schools-photo-project,Photo Project,seospace_screenshot,batch13
https://www.alanranger.com/blog-on-photography/learn-landscape-photography-techniques,Learn landscape photography techniques,seospace_screenshot,batch13
https://www.alanranger.com/blog-on-photography/product-photography-guide,Product Photography Guide,seospace_screenshot,batch13
https://www.alanranger.com/blog-on-photography/kase-filters-and-lightroom-queen-deals,Kase Filters,seospace_screenshot,batch13
https://www.alanranger.com/blog-on-photography/mastering-landscape-photography-tips-and-techniques,landscape photography,seospace_screenshot,batch13
https://www.alanranger.com/blog-on-photography/jpeg-vs-raw-the-key-differences,JPEG vs RAW,seospace_screenshot,batch13
https://www.alanranger.com/blog-on-photography/learn-photography-basics-with-a-mentor,Learn Photography Basics,seospace_screenshot,batch13
https://www.alanranger.com/blog-on-photography/photographing-autumn-uk-landscape-photography-guide,Photographing Autumn,seospace_screenshot,batch13
https://www.alanranger.com/blog-on-photography/light-metering-modes-practice-photography-assignment,Metering Modes,seospace_screenshot,batch13
https://www.alanranger.com/blog-on-photography/photography-storytelling-composition,Photography Storytelling Composition,seospace_screenshot,batch13
https://www.alanranger.com/blog-on-photography/how-much-do-photographers-earn,How Much Do Photographers Earn,seospace_screenshot,batch13
https://www.alanranger.com/blog-on-photography/how-to-improve-your-woodland-pictures,Woodland Pictures,seospace_screenshot,batch13
https://www.alanranger.com/blog-on-photography/kentfaith-concept-square-filter-system,Square Filter System,seospace_screenshot,batch14
https://www.alanranger.com/blog-on-photography/case-study-paul-kirby-rps-distinctions,RPS Distinctions,seospace_screenshot,batch14
https://www.alanranger.com/blog-on-photography/creative-photo-editing,Creative Photo Editing,seospace_screenshot,batch14
https://www.alanranger.com/blog-on-photography/choosing-a-camera,Choosing a Camera,seospace_screenshot,batch14
https://www.alanranger.com/blog-on-photography/enhancing-your-photography-with-kase-filters,kase filters,seospace_screenshot,batch14
https://www.alanranger.com/blog-on-photography/lightroom-classic-latest-version-whats-new,Lightroom Classic Latest Version,seospace_screenshot,batch14
https://www.alanranger.com/blog-on-photography/how-to-take-professional-photos,How to Take Professional Photos,seospace_screenshot,batch14
https://www.alanranger.com/blog-on-photography/mastering-the-art-of-winter-photography,winter photography,seospace_screenshot,batch14
https://www.alanranger.com/blog-on-photography/lens-focal-length,Lens Focal Length Checklist,seospace_screenshot,batch14
https://www.alanranger.com/blog-on-photography/photography-basics-creative-photo-projects,Creative Photo Projects,seospace_screenshot,batch14
https://www.alanranger.com/blog-on-photography/lines-shapes-and-geometry-photography-assignment,Lines Shapes and Geometry,seospace_screenshot,batch14
https://www.alanranger.com/blog-on-photography/long-exposure-photography-guide,Long Exposure Photography Guide,seospace_screenshot,batch14
https://www.alanranger.com/blog-on-photography/help-portrait-coventry-report,Help Portrait,seospace_screenshot,batch14
https://www.alanranger.com/blog-on-photography/mastering-photography-composition-rules,Photography COMPOSITION,seospace_screenshot,batch14
https://www.alanranger.com/blog-on-photography/help-portrait-uk-coventry,Help Portrait,seospace_screenshot,batch14
https://www.alanranger.com/blog-on-photography/photography-equipment-for-beginners,Photography Equipment for Beginners,seospace_screenshot,batch14
https://www.alanranger.com/blog-on-photography/photography-lessons-for-beginners,Photography lessons for beginners,seospace_screenshot,batch14
https://www.alanranger.com/blog-on-photography/how-to-take-long-exposure-photos,Long Exposure,seospace_screenshot,batch14
https://www.alanranger.com/blog-on-photography/john-simpson-rps-distinctions,RPS Distinctions,seospace_screenshot,batch14
https://www.alanranger.com/blog-on-photography/landscapes-photography-practise-assignment,landscapes,seospace_screenshot,batch14
https://www.alanranger.com/blog-on-photography/photography-composition-leading-lines,Composition Leading Lines,seospace_screenshot,batch14
https://www.alanranger.com/blog-on-photography/macro-photography-guide,Macro Photography Guide,seospace_screenshot,batch14
https://www.alanranger.com/blog-on-photography/master-photography-with-a-photography-tutor,photography tutor,seospace_screenshot,batch14
https://www.alanranger.com/blog-on-photography/mastering-abstract-photography,Abstract Photography,seospace_screenshot,batch14
https://www.alanranger.com/blog-on-photography/learn-photography-online-photography-classes,Learn Photography,seospace_screenshot,batch14
https://www.alanranger.com/blog-on-photography/photography-composition-observation,Photography Composition Observation,seospace_screenshot,batch15
https://www.alanranger.com/blog-on-photography/photography-composition-framing,Photography Composition Framing,seospace_screenshot,batch15
https://www.alanranger.com/blog-on-photography/finding-your-compositional-balance,Compositional Balance,seospace_screenshot,batch15
https://www.alanranger.com/blog-on-photography/photography-basics-creative-editing,Creative Editing,seospace_screenshot,batch15
https://www.alanranger.com/blog-on-photography/exposure-triangle-mastery-photography-practice-assignment,Exposure Triangle,seospace_screenshot,batch15
https://www.alanranger.com/blog-on-photography/five-creative-autumn-photography-projects,Autumn Photography Projects,seospace_screenshot,batch15
https://www.alanranger.com/blog-on-photography/best-camera-bags-for-different-trips,camera bags,seospace_screenshot,batch15
https://www.alanranger.com/blog-on-photography/minimalism-photography-assignment,Minimalism photography,seospace_screenshot,batch15
https://www.alanranger.com/blog-on-photography/learn-photography-how,Learn Photography,seospace_screenshot,batch15
https://www.alanranger.com/blog-on-photography/jacki-rosin-arps-rhs-exhibition,RHS Exhibition,seospace_screenshot,batch15
https://www.alanranger.com/blog-on-photography/case-study-kirsten-pearce,case study,seospace_screenshot,batch15
https://www.alanranger.com/blog-on-photography/minimalist-photography-guide,Minimalist Photography Guide,seospace_screenshot,batch15
https://www.alanranger.com/blog-on-photography/photography-the-epitome-of-art,The Epitome of Art,seospace_screenshot,batch15
https://www.alanranger.com/blog-on-photography/how-to-back-up-photos,Back Up Photos,seospace_screenshot,batch15
https://www.alanranger.com/blog-on-photography/photography-show-buying-advice,photography show,seospace_screenshot,batch15
https://www.alanranger.com/blog-on-photography/guide-preparing-for-your-photography-workshop,Preparing for Your Photography Workshop,seospace_screenshot,batch15
https://www.alanranger.com/blog-on-photography/case-study-janet-boulter-rps-distinctions,RPS Distinctions,seospace_screenshot,batch15
https://www.alanranger.com/blog-on-photography/photography-for-kids,Photography For Kids,seospace_screenshot,batch15
https://www.alanranger.com/blog-on-photography/case-study-vincenzo-albano-rps-distinctions,RPS Distinctions,seospace_screenshot,batch15
https://www.alanranger.com/blog-on-photography/case-study-francis-peckham-rps-distinctions,RPS Distinctions,seospace_screenshot,batch15
https://www.alanranger.com/blog-on-photography/help-portrait-uk-coventry-school-shoot,Help Portrait,seospace_screenshot,batch15
https://www.alanranger.com/blog-on-photography/keeping-sensors-clean-sensor-cleaning,Sensor Cleaning,seospace_screenshot,batch15
https://www.alanranger.com/blog-on-photography/beyond-a-point-and-shoot-camera,Point and Shoot Camera,seospace_screenshot,batch15
https://www.alanranger.com/blog-on-photography/exposure-bracketing-a-guide-for-photographers,EXPOSURE BRACKETING,seospace_screenshot,batch15
https://www.alanranger.com/blog-on-photography/case-study-joyce-james-rps-distinctions,RPS Distinctions,seospace_screenshot,batch15
https://www.alanranger.com/blog-on-photography/iso-camera-settings,Camera ISO Settings,seospace_screenshot,batch16
https://www.alanranger.com/blog-on-photography/mary-hamilton-rps-distinctions-panel,RPS Distinctions,seospace_screenshot,batch16
https://www.alanranger.com/blog-on-photography/best-product-photography-tripod,Product Photography Tripod,seospace_screenshot,batch16
https://www.alanranger.com/blog-on-photography/case-study-janice-jordan-rps-distinctions,RPS Distinctions,seospace_screenshot,batch16
https://www.alanranger.com/blog-on-photography/filters-mastery-nd-gnd-photography,Filters Mastery ND GND,seospace_screenshot,batch16
https://www.alanranger.com/blog-on-photography/black-and-white-photography-for-beginners,BLACK and WHITE Photography,seospace_screenshot,batch16
https://www.alanranger.com/blog-on-photography/how-mirrorless-cameras-are-shaping-photography,Mirrorless Cameras,seospace_screenshot,batch16
https://www.alanranger.com/blog-on-photography/case-study-kirsten-pearce-rps-distinctions,RPS Distinctions,seospace_screenshot,batch16
https://www.alanranger.com/blog-on-photography/full-frame-vs-cropped-sensor,sensor,seospace_screenshot,batch16
https://www.alanranger.com/blog-on-photography/know-your-camera-filters,Camera Filters,seospace_screenshot,batch16
https://www.alanranger.com/blog-on-photography/camera-white-balance-settings,Camera white Balance Settings,seospace_screenshot,batch16
https://www.alanranger.com/blog-on-photography/delete-duplicate-photos-in-lightroom,duplicate photos,seospace_screenshot,batch16
https://www.alanranger.com/blog-on-photography/best-cameras-for-beginners,Best Cameras for Beginners,seospace_screenshot,batch16
https://www.alanranger.com/blog-on-photography/case-study-jacki-rosin-rps-distinctions,RPS Distinctions,seospace_screenshot,batch16
https://www.alanranger.com/blog-on-photography/case-barbara-voules-rps-distinctions,RPS Distinctions,seospace_screenshot,batch16
https://www.alanranger.com/blog-on-photography/expressive-photography-hard-often-frustrating,Expressive Photography,seospace_screenshot,batch16
https://www.alanranger.com/blog-on-photography/creative-potential-with-nik-collection-7,Nik Collection,seospace_screenshot,batch16
https://www.alanranger.com/blog-on-photography/creative-editing-with-nik-collection-6,NIK Collection,seospace_screenshot,batch16
https://www.alanranger.com/blog-on-photography/landscape-photography-guide,Landscape Photography Guide,seospace_screenshot,batch16
https://www.alanranger.com/blog-on-photography/7-essential-camera-accessories,Camera Accessories,seospace_screenshot,batch16
https://www.alanranger.com/blog-on-photography/haiku-with-a-picture-shahai,HAIKU,seospace_screenshot,batch16
https://www.alanranger.com/blog-on-photography/depth-of-field-checklist,Depth of Field Checklist,seospace_screenshot,batch16
https://www.alanranger.com/blog-on-photography/best-tripod-for-landscape-photography,best tripod for landscape photography,seospace_screenshot,batch16
https://www.alanranger.com/blog-on-photography/case-study-dennis-jeffrey-rps-distinctions,RPS Distinctions,seospace_screenshot,batch16
https://www.alanranger.com/blog-on-photography/beginners-photography-course-in-coventry,Photography Course in Coventry,seospace_screenshot,batch16
https://www.alanranger.com/blog-on-photography/case-study-max-dobres-rps-distinctions,RPS Distinctions,seospace_screenshot,batch17
https://www.alanranger.com/blog-on-photography/case-study-joyce-james,Case Study,seospace_screenshot,batch17
https://www.alanranger.com/blog-on-photography/case-study-mike-ford,Case Study,seospace_screenshot,batch17
https://www.alanranger.com/blog-on-photography/autumn-photography-tips,Autumn Photography Tips,seospace_screenshot,batch17
https://www.alanranger.com/blog-on-photography/creative-photography-workshops-unlocking-your-potential,Creative Photography,seospace_screenshot,batch17
https://www.alanranger.com/blog-on-photography/handheld-vs-tripod-stability-photography-assignment,Handheld vs Tripod Stability,seospace_screenshot,batch17
https://www.alanranger.com/blog-on-photography/composition-photography-style,Composition Photography Style,seospace_screenshot,batch17
https://www.alanranger.com/blog-on-photography/case-study-ian-slater-rps-distinctions,RPS Distinctions,seospace_screenshot,batch17
https://www.alanranger.com/blog-on-photography/free-outdoor-photography-exposure-calculator,exposure calculator,seospace_screenshot,batch17
https://www.alanranger.com/beginners-photography-lessons/rps-courses-rps-distinctions-mentoring-3,RPS Courses,seospace_screenshot,batch17
https://www.alanranger.com/blog-on-photography/exposure-bracketing-photos,Exposure Bracketing,seospace_screenshot,batch17
https://www.alanranger.com/blog-on-photography/camera-manual-exposure-settings,Camera Manual Exposure Settings,seospace_screenshot,batch17
https://www.alanranger.com/blog-on-photography/composition-in-photography,composition in photography,seospace_screenshot,batch17
https://www.alanranger.com/blog-on-photography/full-frame-or-crop-sensor,Full Frame or Crop Sensor,seospace_screenshot,batch17
https://www.alanranger.com/blog-on-photography/basics-how-to-use-a-tripod,How to use a tripod,seospace_screenshot,batch17
https://www.alanranger.com/blog-on-photography/case-study-chris-shaw,case study,seospace_screenshot,batch17
https://www.alanranger.com/blog-on-photography/a-christmas-day-memory-crisis,crisis,seospace_screenshot,batch17
https://www.alanranger.com/blog-on-photography/exposure-bracketing-checklist,Exposure Bracketing Checklist,seospace_screenshot,batch17
https://www.alanranger.com/blog-on-photography/camera-exposure-checklist,Camera Exposure,seospace_screenshot,batch17
https://www.alanranger.com/blog-on-photography/5-reasons-to-use-a-tripod,tripod,seospace_screenshot,batch17
https://www.alanranger.com/blog-on-photography/architecture-photography-guide,ARCHITECTURE Photography,seospace_screenshot,batch17
https://www.alanranger.com/blog-on-photography/alistair-willis-rps-distinctions,RPS Distinctions,seospace_screenshot,batch17
https://www.alanranger.com/blog-on-photography/camera-bag-review-of-manfrotto-backpack,Manfrotto Backpack,seospace_screenshot,batch17
https://www.alanranger.com/blog-on-photography/case-study-jacki-rosin,case study,seospace_screenshot,batch17
https://www.alanranger.com/blog-on-photography/5-stages-to-improve-your-photography,Improve Your Photography,seospace_screenshot,batch17
https://www.alanranger.com/blog-on-photography/abstract-photography-1,Abstract photography,seospace_screenshot,batch18
https://www.alanranger.com/blog-on-photography/black-and-white-photography-practise-assignment,Black and White Photography,seospace_screenshot,batch18
https://www.alanranger.com/blog-on-photography/are-camera-uv-filters-worth-it,UV Filters,seospace_screenshot,batch18
https://www.alanranger.com/blog-on-photography/camera-metering-settings,Camera Metering Settings,seospace_screenshot,batch18
https://www.alanranger.com/blog-on-photography/focus-modes-and-tracking,Focus Modes and Tracking,seospace_screenshot,batch18
https://www.alanranger.com/blog-on-photography/camera-shutter-speed-settings,Camera Shutter Speed Settings,seospace_screenshot,batch18
https://www.alanranger.com/blog-on-photography/become-a-photographer-on-campus,photographer on campus,seospace_screenshot,batch18
https://www.alanranger.com/blog-on-photography/art-of-macro-photography,macro photography,seospace_screenshot,batch18
https://www.alanranger.com/beginners-photography-lessons/rps-courses-rps-distinctions-mentoring-4,RPS Courses,seospace_screenshot,batch18
https://www.alanranger.com/blog-on-photography/become-a-better-photographer,become a better photographer,seospace_screenshot,batch18
https://www.alanranger.com/blog-on-photography/closeup-macro-photography-practice-assignment,Closeup Macro Photography,seospace_screenshot,batch18
https://www.alanranger.com/blog-on-photography/alternative-long-exposure-photography-techniques,long exposure photography,seospace_screenshot,batch18
https://www.alanranger.com/blog-on-photography/colour-theory-in-photography-practise-assignment,Colour Theory in Photography,seospace_screenshot,batch18
https://www.alanranger.com/beginners-photography-lessons/rps-courses-rps-distinctions-mentoring-6,RPS Courses,seospace_screenshot,batch18
https://www.alanranger.com/blog-on-photography/15-principles-to-improve-composition,15 Principles to improve Composition,seospace_screenshot,batch18
https://www.alanranger.com/beginners-photography-lessons/rps-courses-rps-distinctions-mentoring-5,RPS Courses,seospace_screenshot,batch18
https://www.alanranger.com/blog-on-photography/camera-dynamic-range,Camera Dynamic Range,seospace_screenshot,batch18
https://www.alanranger.com/blog-on-photography/camera-care-guide,Camera Care,seospace_screenshot,batch18
https://www.alanranger.com/blog-on-photography/black-and-white-photography-guide,Black and White Photography Guide,seospace_screenshot,batch18
https://www.alanranger.com/blog-on-photography/aperture-and-depth-of-field-assignment,Aperture and Depth of Field,seospace_screenshot,batch18
https://www.alanranger.com/blog-on-photography/avoid-camera-shake,Avoid Camera Shake,seospace_screenshot,batch18
https://www.alanranger.com/beginners-photography-lessons/rps-courses-rps-distinctions-mentoring-2,RPS Courses,seospace_screenshot,batch18
https://www.alanranger.com/beginners-portrait-photography-course,portrait photography course,seospace_screenshot,batch18
https://www.alanranger.com/blog-on-photography/abstract-photography-practice-assignment-free-lesson,Abstract Photography,seospace_screenshot,batch18
https://www.alanranger.com/blog-on-photography/architecture-photography-practice-assignment,Architecture Photography,seospace_screenshot,batch18
https://www.alanranger.com/blog-on-photography/camera-drive-modes-checklist,Camera Drive Modes Checklist,seospace_screenshot,batch19
https://www.alanranger.com/blog-on-photography/are-mirrorless-cameras-better-than-dslrs,Mirrorless Cameras,seospace_screenshot,batch19
https://www.alanranger.com/beginners-photography-lessons/rps-courses-rps-distinctions-mentoring-1,RPS Courses,seospace_screenshot,batch19
https://www.alanranger.com/blog-on-photography/aperture-field-checklist,Aperture Field Checklist,seospace_screenshot,batch19
https://www.alanranger.com/blog-on-photography/camera-focus-plane,Camera Focus Plane,seospace_screenshot,batch19
https://www.alanranger.com/blog-on-photography/architecture-photography-guide-checklist,Architecture Photography Guide,seospace_screenshot,batch19
https://www.alanranger.com/blog-on-photography/camera-lenses-hire-or-buy,Camera lenses,seospace_screenshot,batch19
https://www.alanranger.com/beginners-photography-lessons/lightroom-photo-editing-classes-wk3-7cd64,Photo Editing Classes,seospace_screenshot,batch19
https://www.alanranger.com/beginners-photography-lessons/lightroom-photo-editing-classes-wk3-42ynf,Photo Editing Classes,seospace_screenshot,batch19
https://www.alanranger.com/blog-on-photography/camera-leveling-dont-be-wonky,camera leveling,seospace_screenshot,batch19
https://www.alanranger.com/blog-on-photography/advanced-editing-with-nik-collection,NIK Collection,seospace_screenshot,batch19
https://www.alanranger.com/beginners-photography-lessons/lightroom-photo-editing-classes-wk3-9b3t3,Photo Editing Classes,seospace_screenshot,batch19
https://www.alanranger.com/beginners-photography-lessons/lightroom-photo-editing-classes-wk2-y3262,Photo Editing Classes,seospace_screenshot,batch19
https://www.alanranger.com/beginners-photography-lessons/lightroom-photo-editing-classes-wk3,Photo Editing Classes,seospace_screenshot,batch19
https://www.alanranger.com/beginners-photography-lessons/lightroom-photo-editing-classes-wk2-n8l4l,Photo Editing Classes,seospace_screenshot,batch19
https://www.alanranger.com/beginners-photography-lessons/lightroom-photo-editing-classes-wk2-55f3d,Photo Editing Classes,seospace_screenshot,batch19
https://www.alanranger.com/beginners-photography-lessons/camera-courses-for-beginners-wk2,Camera Courses For Beginners,seospace_screenshot,batch19
https://www.alanranger.com/beginners-photography-lessons/lightroom-photo-editing-classes-wk1,Photo Editing Classes,seospace_screenshot,batch19
https://www.alanranger.com/beginners-photography-lessons/lightroom-photo-editing-classes-wk1-rrkhn,Photo Editing Classes,seospace_screenshot,batch19
https://www.alanranger.com/beginners-photography-lessons/camera-courses-for-beginners-week-1,Camera Courses For Beginners,seospace_screenshot,batch19
https://www.alanranger.com/beginners-photography-lessons/lightroom-photo-editing-classes-wk1-kdh5k,Photo Editing Classes,seospace_screenshot,batch19
https://www.alanranger.com/beginners-photography-lessons/camera-courses-for-beginners-coventry-wk1,Camera Courses For Beginners,seospace_screenshot,batch19
https://www.alanranger.com/beginners-photography-lessons/camera-courses-for-beginners-week-3,Camera Courses For Beginners,seospace_screenshot,batch19
https://www.alanranger.com/beginners-photography-lessons/camera-courses-for-beginners-coventry-zbcfe,Camera Courses,seospace_screenshot,batch19
https://www.alanranger.com/beginners-photography-lessons/camera-courses-for-beginners-coventry-oct3,Camera Courses,seospace_screenshot,batch19
https://www.alanranger.com/beginners-photography-lessons/camera-courses-for-beginners-coventry-w5nkt,Camera Courses,seospace_screenshot,batch20
https://www.alanranger.com/beginners-photography-lessons/camera-courses-for-beginners-coventry-s2klg,Camera Courses,seospace_screenshot,batch20
https://www.alanranger.com/beginners-photography-lessons/camera-courses-for-beginners-coventry-wc34j,Camera Courses,seospace_screenshot,batch20
https://www.alanranger.com/beginners-photography-lessons/camera-courses-for-beginners-coventry-nhjlm,Camera Courses,seospace_screenshot,batch20
https://www.alanranger.com/beginners-photography-lessons/camera-courses-for-beginners-coventry-oct1,Camera Courses,seospace_screenshot,batch20
https://www.alanranger.com/beginners-photography-lessons/camera-courses-for-beginners-coventry-nzwzx,Camera Courses,seospace_screenshot,batch20
https://www.alanranger.com/beginners-photography-lessons/camera-courses-for-beginners-coventry-oct2,Camera Courses,seospace_screenshot,batch20
https://www.alanranger.com/beginners-photography-lessons/camera-courses-for-beginners-coventry-mw83l,Camera Courses For Beginners,seospace_screenshot,batch20
https://www.alanranger.com/beginners-photography-lessons/camera-courses-for-beginners-coventry-hnp3g,Camera Courses For Beginners,seospace_screenshot,batch20
https://www.alanranger.com/beginners-photography-lessons/camera-courses-for-beginners-coventry-hl4tm,Camera Courses For Beginners,seospace_screenshot,batch20
https://www.alanranger.com/beginners-photography-lessons/camera-courses-for-beginners-coventry-dhecf,Camera Courses,seospace_screenshot,batch20
https://www.alanranger.com/beginners-photography-lessons/camera-courses-for-beginners-coventry-dg9pz,Camera Courses,seospace_screenshot,batch20
https://www.alanranger.com/beginners-photography-lessons/camera-courses-for-beginners-coventry-bds4t,Camera Courses For Beginners,seospace_screenshot,batch20
https://www.alanranger.com/beginners-photography-lessons/camera-courses-for-beginners-coventry-be4sb,Camera Courses For Beginners,seospace_screenshot,batch20
https://www.alanranger.com/beginners-photography-lessons/camera-courses-for-beginners-coventry-dfe,Camera Courses For Beginners,seospace_screenshot,batch20
https://www.alanranger.com/beginners-photography-lessons/camera-courses-for-beginners-coventry-7breh,Camera Courses For Beginners,seospace_screenshot,batch20
https://www.alanranger.com/beginners-photography-lessons/camera-courses-for-beginners-coventry-8ar5x,Camera Courses,seospace_screenshot,batch20
https://www.alanranger.com/beginners-photography-lessons/camera-courses-for-beginners-coventry-8s2ka,Camera Courses,seospace_screenshot,batch20
https://www.alanranger.com/beginners-photography-lessons/camera-courses-for-beginners-coventry-4pp2p,Camera Courses,seospace_screenshot,batch20
https://www.alanranger.com/beginners-photography-lessons/camera-courses-for-beginners-coventry-2k99k,Camera Courses For Beginners,seospace_screenshot,batch20
https://www.alanranger.com/beginners-photography-lessons/camera-courses-for-beginners-coventry-2sj27,Camera Courses For Beginners,seospace_screenshot,batch20
https://www.alanranger.com/home,alan ranger photography,seospace_screenshot,batch20
https://www.alanranger.com/batsford-arboretum-photography,batsford arboretum,seospace_screenshot,batch20
https://www.alanranger.com/beginners-photography-classes,beginners photography classes,seospace_screenshot,batch20
https://www.alanranger.com/beginners-photography-lessons/camera-courses-for-beginners-coventry-3yj3h,Camera Courses,seospace_screenshot,batch20
https://www.alanranger.com/beginners-photography-lessons/camera-courses-for-beginners-coventry-2n74k,Camera Courses,seospace_screenshot,batch21
https://www.alanranger.com/beginners-photography-lessons/camera-courses-for-beginners-coventry-,Camera Courses For Beginners,seospace_screenshot,batch21
https://www.alanranger.com/awards-and-qualifications,Qualifications,seospace_screenshot,batch21
https://www.alanranger.com/about-alan-ranger,alan ranger,seospace_screenshot,batch21
https://www.alanranger.com/academy/login,login,seospace_screenshot,batch21
