url,category
https://www.alanranger.com,landing
https://www.alanranger.com/about-alan-ranger,landing
https://www.alanranger.com/free-photography-tips,landing
https://www.alanranger.com/gallery-image-portfolios,landing
https://www.alanranger.com/photography-equipment-recommendations,landing
https://www.alanranger.com/photography-news-blog,landing
https://www.alanranger.com/schedule-an-appointment,landing
https://www.alanranger.com/testimonials-customer-reviews,landing
https://www.alanranger.com/beginners-photography-classes,service
https://www.alanranger.com/corporate-photography-training,service
https://www.alanranger.com/course-finder-photography-classes-near-me,service
https://www.alanranger.com/fine-art-prints,service
https://www.alanranger.com/free-online-photography-course,service
https://www.alanranger.com/hire-a-professional-photographer-in-coventry,service
https://www.alanranger.com/landscape-photography-workshops,service
https://www.alanranger.com/one-day-landscape-photography-workshops,service
https://www.alanranger.com/photo-editing-course-coventry,service
https://www.alanranger.com/photographic-workshops-near-me,service
https://www.alanranger.com/photography-courses-coventry,service
https://www.alanranger.com/photography-gift-vouchers,service
https://www.alanranger.com/photography-lessons-online-121,service
https://www.alanranger.com/photography-mentoring-online-assignments,service
https://www.alanranger.com/photography-payment-plan,service
https://www.alanranger.com/photography-services-near-me/camera-sensor-clean,service
https://www.alanranger.com/photography-tuition-services,service
https://www.alanranger.com/photography-workshops,service
https://www.alanranger.com/photography-workshops-near-me,service
https://www.alanranger.com/photo-workshops-uk,service
https://www.alanranger.com/private-photography-lessons,service
https://www.alanranger.com/professional-commercial-photographer-coventry,service
https://www.alanranger.com/professional-photographer-near-me,service
https://www.alanranger.com/rps-courses-mentoring-distinctions,service
